{
    "$schema": "https://schema.management.azure.com/schemas/2015-01-01/deploymentParameters.json#",
    "contentVersion": "1.0.0.0",
    "parameters": {
        "name": {
            "value": "vantira"
        },
        "location": {
            "value": "westus2"
        },
        "sku": {
            "value": "Free"
        },
        "skucode": {
            "value": "Free"
        },
        "repositoryUrl": {
            "value": "https://github.com/SoyKulero/vantira"
        },
        "branch": {
            "value": "main"
        },
        "repositoryToken": {
            "value": null
        },
        "appLocation": {
            "value": "/"
        },
        "apiLocation": {
            "value": ""
        },
        "appArtifactLocation": {
            "value": "."
        },
        "enterpriseGradeCdnStatus": {
            "value": "disabled"
        }
    }
}